<rdf:RDF
    xmlns:dcterms="http://purl.org/dc/terms/"
    xmlns:dc="http://purl.org/dc/elements/1.1/"
    xmlns:rdf="http://www.w3.org/1999/02/22-rdf-syntax-ns#"
    xmlns:j.0="http://purl.org/spar/cito/"
    xmlns:owl="http://www.w3.org/2002/07/owl#"
    xmlns:ore="http://www.openarchives.org/ore/terms/"
    xmlns:foaf="http://xmlns.com/foaf/0.1/" > 
  <rdf:Description rdf:nodeID="A0">
    <foaf:name rdf:datatype="http://www.w3.org/2001/XMLSchema#string">DataONE R Client</foaf:name>
    <rdf:type rdf:resource="http://purl.org/dc/terms/Agent"/>
  </rdf:Description>
  <rdf:Description rdf:about="https://cn.dataone.org/cn/v2/resolve/urn%3Auuid%3A32955f68-52cd-496f-88f0-c45d92eb6325">
    <j.0:isDocumentedBy rdf:resource="https://cn.dataone.org/cn/v2/resolve/doi%3A10.18739%2FA29K45V32"/>
    <ore:isAggregatedBy rdf:resource="https://cn.dataone.org/cn/v2/resolve/resource_map_doi%3A10.18739%2FA29K45V32#aggregation"/>
    <dcterms:identifier rdf:datatype="http://www.w3.org/2001/XMLSchema#string">urn:uuid:32955f68-52cd-496f-88f0-c45d92eb6325</dcterms:identifier>
  </rdf:Description>
  <rdf:Description rdf:about="https://cn.dataone.org/cn/v2/resolve/urn%3Auuid%3Ab5a76caa-0b87-4dee-bbb3-e77496ae8bf5">
    <j.0:isDocumentedBy rdf:resource="https://cn.dataone.org/cn/v2/resolve/doi%3A10.18739%2FA29K45V32"/>
    <dcterms:identifier rdf:datatype="http://www.w3.org/2001/XMLSchema#string">urn:uuid:b5a76caa-0b87-4dee-bbb3-e77496ae8bf5</dcterms:identifier>
    <ore:isAggregatedBy rdf:resource="https://cn.dataone.org/cn/v2/resolve/resource_map_doi%3A10.18739%2FA29K45V32#aggregation"/>
  </rdf:Description>
  <rdf:Description rdf:nodeID="A1">
    <rdf:type rdf:resource="http://purl.org/dc/terms/Agent"/>
    <foaf:name rdf:datatype="http://www.w3.org/2001/XMLSchema#string">Foresite ORE Library</foaf:name>
  </rdf:Description>
  <rdf:Description rdf:about="https://cn.dataone.org/cn/v2/resolve/resource_map_doi%3A10.18739%2FA29K45V32#aggregation">
    <ore:aggregates rdf:resource="https://cn.dataone.org/cn/v2/resolve/doi%3A10.18739%2FA29K45V32"/>
    <ore:aggregates rdf:resource="https://cn.dataone.org/cn/v2/resolve/urn%3Auuid%3A32955f68-52cd-496f-88f0-c45d92eb6325"/>
    <ore:aggregates rdf:resource="https://cn.dataone.org/cn/v2/resolve/urn%3Auuid%3Ab5a76caa-0b87-4dee-bbb3-e77496ae8bf5"/>
    <ore:aggregates rdf:resource="https://cn.dataone.org/cn/v2/resolve/urn%3Auuid%3Afaee8ee3-963e-4c7c-9f46-54028d6c3f26"/>
    <dc:title>DataONE Aggregation</dc:title>
    <rdf:type rdf:resource="http://www.openarchives.org/ore/terms/Aggregation"/>
  </rdf:Description>
  <rdf:Description rdf:about="https://cn.dataone.org/cn/v2/resolve/urn%3Auuid%3Afaee8ee3-963e-4c7c-9f46-54028d6c3f26">
    <j.0:isDocumentedBy rdf:resource="https://cn.dataone.org/cn/v2/resolve/doi%3A10.18739%2FA29K45V32"/>
    <dcterms:identifier rdf:datatype="http://www.w3.org/2001/XMLSchema#string">urn:uuid:faee8ee3-963e-4c7c-9f46-54028d6c3f26</dcterms:identifier>
    <ore:isAggregatedBy rdf:resource="https://cn.dataone.org/cn/v2/resolve/resource_map_doi%3A10.18739%2FA29K45V32#aggregation"/>
  </rdf:Description>
  <rdf:Description rdf:about="https://cn.dataone.org/cn/v2/resolve/doi%3A10.18739%2FA29K45V32">
    <j.0:documents rdf:resource="https://cn.dataone.org/cn/v2/resolve/urn%3Auuid%3Afaee8ee3-963e-4c7c-9f46-54028d6c3f26"/>
    <j.0:documents rdf:resource="https://cn.dataone.org/cn/v2/resolve/urn%3Auuid%3Ab5a76caa-0b87-4dee-bbb3-e77496ae8bf5"/>
    <j.0:documents rdf:resource="https://cn.dataone.org/cn/v2/resolve/urn%3Auuid%3A32955f68-52cd-496f-88f0-c45d92eb6325"/>
    <j.0:documents rdf:resource="https://cn.dataone.org/cn/v2/resolve/doi%3A10.18739%2FA29K45V32"/>
    <j.0:isDocumentedBy rdf:resource="https://cn.dataone.org/cn/v2/resolve/doi%3A10.18739%2FA29K45V32"/>
    <dcterms:identifier rdf:datatype="http://www.w3.org/2001/XMLSchema#string">doi:10.18739/A29K45V32</dcterms:identifier>
    <ore:isAggregatedBy rdf:resource="https://cn.dataone.org/cn/v2/resolve/resource_map_doi%3A10.18739%2FA29K45V32#aggregation"/>
  </rdf:Description>
  <rdf:Description rdf:about="https://cn.dataone.org/cn/v2/resolve/resource_map_doi%3A10.18739%2FA29K45V32">
    <dc:creator rdf:nodeID="A1"/>
    <dcterms:identifier rdf:datatype="http://www.w3.org/2001/XMLSchema#string">resource_map_doi:10.18739/A29K45V32</dcterms:identifier>
    <ore:describes rdf:resource="https://cn.dataone.org/cn/v2/resolve/resource_map_doi%3A10.18739%2FA29K45V32#aggregation"/>
    <rdf:type rdf:resource="http://www.openarchives.org/ore/terms/ResourceMap"/>
    <dcterms:modified rdf:datatype="http://www.w3.org/2001/XMLSchema#dateTime">2023-10-17T18:33:10Z</dcterms:modified>
    <dcterms:creator rdf:nodeID="A0"/>
  </rdf:Description>
</rdf:RDF>
