<?xml version="1.0" encoding="UTF-8" standalone="yes"?>
<ns3:systemMetadata xmlns:ns2="http://ns.dataone.org/service/types/v1" xmlns:ns3="http://ns.dataone.org/service/types/v2.0">
    <serialVersion>1</serialVersion>
    <identifier>resource_map_doi:10.18739/A29K45V32</identifier>
    <formatId>http://www.openarchives.org/ore/terms</formatId>
    <size>7577</size>
    <checksum algorithm="SHA-256">8e6f3834921e53f97763152d61cb871d4e080c575b6fe548a4d62873774c7980</checksum>
    <submitter>http://orcid.org/0000-0003-3926-7039</submitter>
    <rightsHolder>http://orcid.org/0000-0001-5937-4726</rightsHolder>
    <accessPolicy>
        <allow>
            <subject>public</subject>
            <permission>read</permission>
        </allow>
        <allow>
            <subject>CN=arctic-data-admins,DC=dataone,DC=org</subject>
            <permission>read</permission>
            <permission>write</permission>
            <permission>changePermission</permission>
        </allow>
    </accessPolicy>
    <replicationPolicy replicationAllowed="true" numberReplicas="3"/>
    <obsoletes>resource_map_doi:10.18739/A2ZC7RW3H</obsoletes>
    <archived>false</archived>
    <dateUploaded>2023-10-17T18:33:10.982+00:00</dateUploaded>
    <dateSysMetadataModified>2023-10-17T18:33:11.622+00:00</dateSysMetadataModified>
    <originMemberNode>urn:node:ARCTIC</originMemberNode>
    <authoritativeMemberNode>urn:node:ARCTIC</authoritativeMemberNode>
    <fileName>resource_map_doi:10.18739_A29K45V32.rdf</fileName>
</ns3:systemMetadata>
