<?xml version="1.0" encoding="UTF-8" standalone="yes"?>
<ns3:systemMetadata xmlns:ns2="http://ns.dataone.org/service/types/v1" xmlns:ns3="http://ns.dataone.org/service/types/v2.0">
    <serialVersion>0</serialVersion>
    <identifier>urn:uuid:32955f68-52cd-496f-88f0-c45d92eb6325</identifier>
    <formatId>text/csv</formatId>
    <size>9274</size>
    <checksum algorithm="MD5">33085b19d3a00c0f6b9d4d2149849131</checksum>
    <submitter>http://orcid.org/0000-0001-5937-4726</submitter>
    <rightsHolder>http://orcid.org/0000-0001-5937-4726</rightsHolder>
    <accessPolicy>
        <allow>
            <subject>public</subject>
            <permission>read</permission>
        </allow>
        <allow>
            <subject>CN=arctic-data-admins,DC=dataone,DC=org</subject>
            <permission>read</permission>
            <permission>write</permission>
            <permission>changePermission</permission>
        </allow>
    </accessPolicy>
    <replicationPolicy replicationAllowed="false" numberReplicas="0"/>
    <obsoletes>urn:uuid:abd2b71b-f892-4bb1-9129-77e593acac43</obsoletes>
    <archived>false</archived>
    <dateUploaded>2023-10-05T20:31:37.317+00:00</dateUploaded>
    <dateSysMetadataModified>2023-10-17T18:33:01.971+00:00</dateSysMetadataModified>
    <originMemberNode>urn:node:ARCTIC</originMemberNode>
    <authoritativeMemberNode>urn:node:ARCTIC</authoritativeMemberNode>
    <fileName>NEEM_CH4_Riddell_Young_2023.csv</fileName>
</ns3:systemMetadata>
