<?xml version="1.0" encoding="UTF-8" standalone="yes"?>
<ns3:systemMetadata xmlns:ns2="http://ns.dataone.org/service/types/v1" xmlns:ns3="http://ns.dataone.org/service/types/v2.0">
    <serialVersion>1</serialVersion>
    <identifier>doi:10.18739/A29K45V32</identifier>
    <formatId>https://eml.ecoinformatics.org/eml-2.2.0</formatId>
    <size>24204</size>
    <checksum algorithm="SHA-256">85af85259a4949d649914605d59953cb9ee61d6ed8cd440db9d7677ef8ad41d1</checksum>
    <submitter>http://orcid.org/0000-0003-3926-7039</submitter>
    <rightsHolder>http://orcid.org/0000-0001-5937-4726</rightsHolder>
    <accessPolicy>
        <allow>
            <subject>public</subject>
            <permission>read</permission>
        </allow>
        <allow>
            <subject>CN=arctic-data-admins,DC=dataone,DC=org</subject>
            <permission>read</permission>
            <permission>write</permission>
            <permission>changePermission</permission>
        </allow>
    </accessPolicy>
    <replicationPolicy replicationAllowed="false" numberReplicas="0"/>
    <obsoletes>doi:10.18739/A2ZC7RW3H</obsoletes>
    <archived>false</archived>
    <dateUploaded>2023-10-17T18:33:03.813+00:00</dateUploaded>
    <dateSysMetadataModified>2023-10-17T18:33:06.925+00:00</dateSysMetadataModified>
    <originMemberNode>urn:node:ARCTIC</originMemberNode>
    <authoritativeMemberNode>urn:node:ARCTIC</authoritativeMemberNode>
    <fileName>Atmospheric_methane_across_the_Last_Glacial_Maximu.xml</fileName>
</ns3:systemMetadata>
