<?xml version="1.0" encoding="UTF-8" standalone="yes"?>
<ns3:systemMetadata xmlns:ns2="http://ns.dataone.org/service/types/v1" xmlns:ns3="http://ns.dataone.org/service/types/v2.0">
    <serialVersion>0</serialVersion>
    <identifier>urn:uuid:b5a76caa-0b87-4dee-bbb3-e77496ae8bf5</identifier>
    <formatId>text/csv</formatId>
    <size>7220</size>
    <checksum algorithm="MD5">0bbf57abbda169e23f50a424713a8faa</checksum>
    <submitter>http://orcid.org/0000-0001-5937-4726</submitter>
    <rightsHolder>http://orcid.org/0000-0001-5937-4726</rightsHolder>
    <accessPolicy>
        <allow>
            <subject>public</subject>
            <permission>read</permission>
        </allow>
        <allow>
            <subject>CN=arctic-data-admins,DC=dataone,DC=org</subject>
            <permission>read</permission>
            <permission>write</permission>
            <permission>changePermission</permission>
        </allow>
    </accessPolicy>
    <replicationPolicy replicationAllowed="false" numberReplicas="0"/>
    <obsoletes>urn:uuid:6a6970f0-ec69-4afd-89fa-b786b54694d0</obsoletes>
    <archived>false</archived>
    <dateUploaded>2023-10-05T20:31:37.317+00:00</dateUploaded>
    <dateSysMetadataModified>2023-10-17T18:33:00.640+00:00</dateSysMetadataModified>
    <originMemberNode>urn:node:ARCTIC</originMemberNode>
    <authoritativeMemberNode>urn:node:ARCTIC</authoritativeMemberNode>
    <fileName>GISP2_CH4_Riddell_Young_2023.csv</fileName>
</ns3:systemMetadata>
