<?xml version="1.0" encoding="UTF-8" standalone="yes"?>
<ns3:systemMetadata xmlns:ns2="http://ns.dataone.org/service/types/v1" xmlns:ns3="http://ns.dataone.org/service/types/v2.0">
    <serialVersion>0</serialVersion>
    <identifier>urn:uuid:faee8ee3-963e-4c7c-9f46-54028d6c3f26</identifier>
    <formatId>text/csv</formatId>
    <size>10332</size>
    <checksum algorithm="MD5">7215b09dd1ce0c9a3bbaed0f6cb9a9b6</checksum>
    <submitter>http://orcid.org/0000-0001-5937-4726</submitter>
    <rightsHolder>http://orcid.org/0000-0001-5937-4726</rightsHolder>
    <accessPolicy>
        <allow>
            <subject>public</subject>
            <permission>read</permission>
        </allow>
        <allow>
            <subject>CN=arctic-data-admins,DC=dataone,DC=org</subject>
            <permission>read</permission>
            <permission>write</permission>
            <permission>changePermission</permission>
        </allow>
    </accessPolicy>
    <replicationPolicy replicationAllowed="false" numberReplicas="0"/>
    <obsoletes>urn:uuid:1bce3a31-8673-43df-8c57-4d9033a4c066</obsoletes>
    <archived>false</archived>
    <dateUploaded>2023-10-05T20:31:37.323+00:00</dateUploaded>
    <dateSysMetadataModified>2023-10-17T18:32:57.135+00:00</dateSysMetadataModified>
    <originMemberNode>urn:node:ARCTIC</originMemberNode>
    <authoritativeMemberNode>urn:node:ARCTIC</authoritativeMemberNode>
    <fileName>WAIS_CH4_Riddell_Young_2023.csv</fileName>
</ns3:systemMetadata>
